TPR@5,FPR@95,AUROC,AUPR,ACC
40.0,90.0,71.0,77.7466694811896,90.0
40.0,90.0,71.0,77.7466694811896,90.0
60.0,30.0,87.99999999999999,89.46503496503496,90.0
50.0,30.0,86.99999999999999,88.03646353646354,90.0
55.00000000000001,30.0,87.49999999999999,88.75074925074925,90.0
